Product ID,Date,Store ID,Sales Quantity,Price,Promotions,Seasonality Factors,External Factors,Demand Trend,Customer Segments
4277,2024-01-03,48,330,24.38,No,Festival,Competitor Pricing,Increasing,Regular
5540,2024-04-29,10,334,74.98,Yes,Holiday,Weather,Stable,Premium
5406,2024-01-11,67,429,24.83,Yes,Holiday,Economic Indicator,Decreasing,Premium
5617,2024-04-04,17,298,13.41,No,None,Economic Indicator,Stable,Regular
3480,2024-12-14,33,344,94.96,Yes,Festival,Weather,Increasing,Regular
7315,2024-11-25,9,336,59.54,Yes,Festival,None,Stable,Premium
2902,2024-11-13,58,475,35.61,No,None,None,Increasing,Budget
6892,2024-01-04,19,491,55.03,Yes,Festival,None,Stable,Regular
4497,2024-10-25,33,388,33.53,No,None,Economic Indicator,Increasing,Premium
8079,2024-10-22,26,475,83.65,No,Holiday,None,Decreasing,Budget
3900,2024-05-13,36,434,31.01,Yes,None,Economic Indicator,Increasing,Regular
6894,2024-04-01,78,29,27.17,Yes,Festival,Economic Indicator,Increasing,Budget
7767,2024-07-06,44,397,15.8,Yes,Festival,Competitor Pricing,Stable,Budget
9582,2024-06-30,67,71,79.15,No,Holiday,Weather,Decreasing,Regular
9817,2024-05-10,2,467,52.82,Yes,Holiday,Weather,Increasing,Budget
3845,2024-02-27,79,299,65.58,No,Holiday,Competitor Pricing,Stable,Regular
1206,2024-03-09,82,322,36.76,No,Holiday,Competitor Pricing,Increasing,Premium
6606,2024-05-06,87,95,92.94,Yes,Festival,Weather,Decreasing,Premium
2197,2024-12-24,59,438,84.65,No,Festival,Competitor Pricing,Stable,Budget
5705,2024-08-16,80,416,15.72,No,None,Weather,Increasing,Budget
4540,2024-08-12,78,494,86.78,Yes,Holiday,Competitor Pricing,Decreasing,Regular
4784,2024-11-25,51,498,80.55,No,None,Weather,Stable,Premium
3265,2024-01-03,12,158,31.6,Yes,None,Weather,Increasing,Budget
4085,2024-12-28,85,494,34.55,No,None,Competitor Pricing,Decreasing,Regular
6410,2024-12-24,27,381,81.72,Yes,None,Competitor Pricing,Stable,Budget
4740,2024-07-28,21,67,34.78,No,Holiday,Competitor Pricing,Stable,Budget
9964,2024-12-09,96,252,65.22,Yes,Festival,None,Increasing,Premium
2288,2024-11-29,17,140,39.79,Yes,Festival,Economic Indicator,Increasing,Regular
5324,2024-05-18,47,71,66.76,No,None,Weather,Decreasing,Budget
6592,2024-08-23,28,378,98.12,No,Holiday,Competitor Pricing,Stable,Regular
5840,2024-06-26,91,307,25.74,No,Holiday,Economic Indicator,Increasing,Budget
8498,2024-01-22,59,273,19.82,No,None,Economic Indicator,Stable,Regular
2338,2024-07-31,90,230,46.38,Yes,None,Competitor Pricing,Stable,Premium
8532,2024-09-01,72,2,93.36,No,Holiday,None,Stable,Regular
9185,2024-03-01,51,333,79.44,No,Holiday,Weather,Increasing,Regular
5691,2024-05-10,62,352,50.95,No,Festival,Competitor Pricing,Decreasing,Regular
6335,2024-03-17,70,158,58.89,Yes,None,None,Decreasing,Premium
1355,2024-03-01,59,46,51.9,Yes,Festival,Economic Indicator,Stable,Budget
9700,2024-05-18,49,228,91.0,No,Festival,None,Increasing,Budget
4783,2024-02-26,50,215,86.17,No,Festival,None,Decreasing,Regular
8997,2024-05-31,23,437,25.26,No,None,Competitor Pricing,Decreasing,Budget
6985,2024-08-27,78,455,7.55,Yes,Festival,Competitor Pricing,Decreasing,Regular
9816,2024-02-25,92,225,58.8,No,None,Economic Indicator,Increasing,Regular
6739,2024-06-14,5,317,12.65,No,Holiday,Competitor Pricing,Increasing,Premium
3824,2024-04-27,7,305,18.38,No,Holiday,None,Stable,Budget
5747,2024-04-06,98,234,6.04,No,Holiday,None,Decreasing,Premium
9141,2024-02-02,29,84,37.49,Yes,Festival,None,Increasing,Premium
9801,2024-03-23,21,369,11.71,No,Holiday,Economic Indicator,Decreasing,Regular
7579,2024-01-06,37,353,48.0,No,Festival,Competitor Pricing,Increasing,Regular
1282,2024-11-17,8,80,48.4,Yes,Festival,None,Decreasing,Premium
2214,2024-05-06,36,444,16.43,Yes,Holiday,Competitor Pricing,Increasing,Premium
1675,2024-11-01,23,203,13.52,No,None,Economic Indicator,Decreasing,Budget
6460,2024-02-13,16,29,5.09,Yes,Festival,None,Stable,Premium
7144,2024-12-12,64,102,17.46,No,Holiday,None,Decreasing,Premium
9868,2024-11-29,73,357,81.66,No,None,Competitor Pricing,Stable,Regular
9222,2024-08-18,4,477,26.71,No,None,Competitor Pricing,Decreasing,Premium
8158,2024-10-15,97,441,96.2,No,Holiday,Competitor Pricing,Decreasing,Regular
8688,2024-01-06,58,163,84.72,No,Holiday,None,Stable,Regular
2230,2024-09-05,49,233,40.71,Yes,Holiday,Competitor Pricing,Increasing,Regular
9394,2024-10-29,85,240,26.78,No,Festival,Weather,Increasing,Regular
2100,2024-11-30,14,348,25.31,Yes,Holiday,Weather,Stable,Budget
2997,2024-11-07,4,343,12.33,No,None,None,Stable,Regular
4770,2024-12-03,12,253,45.64,No,None,Competitor Pricing,Decreasing,Regular
6545,2024-04-25,21,352,66.21,No,Festival,Competitor Pricing,Stable,Regular
6112,2024-11-15,1,143,53.25,No,Holiday,None,Increasing,Budget
8589,2024-12-08,16,467,31.85,Yes,Festival,None,Increasing,Premium
8758,2024-07-25,26,119,5.43,No,None,Economic Indicator,Increasing,Premium
1760,2024-11-19,72,92,80.32,No,Holiday,Weather,Stable,Regular
1320,2024-10-01,25,187,48.7,No,Holiday,Competitor Pricing,Increasing,Premium
6547,2024-05-08,65,259,55.78,Yes,Festival,None,Stable,Budget
1105,2024-08-18,6,5,53.12,Yes,Festival,Economic Indicator,Decreasing,Premium
6040,2024-10-27,3,477,51.77,Yes,Holiday,Competitor Pricing,Increasing,Regular
5036,2024-04-17,30,336,54.11,No,Festival,None,Increasing,Budget
3434,2024-01-09,30,483,80.07,Yes,Festival,Competitor Pricing,Stable,Budget
6711,2024-04-30,30,191,87.12,No,Holiday,None,Stable,Regular
4183,2024-03-26,41,314,61.91,Yes,None,None,Decreasing,Premium
2355,2024-03-10,70,371,37.69,No,None,None,Increasing,Premium
8505,2024-06-24,97,92,50.79,No,Holiday,None,Decreasing,Premium
4416,2024-07-20,11,452,22.44,No,Festival,Competitor Pricing,Increasing,Regular
1610,2024-04-17,21,115,71.72,Yes,None,None,Increasing,Budget
3220,2024-10-09,33,395,21.04,Yes,Festival,Economic Indicator,Decreasing,Premium
3598,2024-06-20,92,2,64.99,Yes,Holiday,Economic Indicator,Decreasing,Regular
6585,2024-02-03,58,61,53.47,No,None,None,Increasing,Regular
2063,2024-06-01,26,65,9.51,Yes,Holiday,Weather,Increasing,Budget
8166,2024-07-21,39,154,99.9,No,Holiday,Weather,Stable,Regular
8869,2024-11-09,43,375,99.77,Yes,None,Competitor Pricing,Stable,Premium
3837,2024-02-06,22,314,53.24,Yes,Festival,None,Increasing,Budget
6295,2024-01-15,46,232,12.37,Yes,Holiday,None,Decreasing,Regular
6975,2024-01-15,72,399,99.71,No,Festival,None,Decreasing,Regular
6352,2024-11-23,10,47,47.51,No,Holiday,Economic Indicator,Decreasing,Budget
6054,2024-06-27,49,103,47.81,Yes,Festival,Weather,Increasing,Budget
6039,2024-04-28,77,433,60.32,No,None,Competitor Pricing,Stable,Regular
5877,2024-02-01,49,59,28.75,Yes,None,Economic Indicator,Increasing,Regular
2226,2024-05-01,14,314,61.84,Yes,Holiday,Economic Indicator,Stable,Regular
3547,2024-04-12,30,24,11.63,No,Festival,Weather,Stable,Regular
5706,2024-01-27,18,284,17.78,Yes,Holiday,Economic Indicator,Stable,Regular
9139,2024-12-07,55,123,74.17,No,Holiday,Competitor Pricing,Stable,Premium
6000,2024-05-29,84,17,45.58,No,Holiday,Economic Indicator,Stable,Budget
3922,2024-01-19,78,116,19.76,Yes,Festival,Competitor Pricing,Increasing,Regular
2497,2024-12-18,93,260,28.44,No,None,Weather,Stable,Regular
3166,2024-11-03,43,169,83.87,Yes,Holiday,None,Increasing,Budget
4980,2024-04-23,50,190,27.8,Yes,Festival,Competitor Pricing,Increasing,Regular
1349,2024-07-02,36,93,47.31,Yes,None,None,Increasing,Budget
5085,2024-06-11,92,456,14.66,Yes,Holiday,Weather,Decreasing,Premium
4467,2024-08-04,14,389,39.67,Yes,Holiday,Competitor Pricing,Decreasing,Regular
8369,2024-11-06,90,364,53.85,No,Festival,Weather,Decreasing,Regular
3534,2024-12-28,72,399,66.83,No,None,Competitor Pricing,Decreasing,Budget
8035,2024-10-08,24,230,5.4,No,Holiday,Weather,Decreasing,Budget
3698,2024-02-05,31,454,75.56,Yes,Festival,None,Increasing,Premium
9641,2024-10-13,11,35,61.07,Yes,Festival,Weather,Increasing,Premium
4986,2024-11-20,22,255,69.69,No,Holiday,Weather,Stable,Premium
6598,2024-03-08,97,388,78.17,Yes,None,Economic Indicator,Stable,Regular
2001,2024-02-18,92,391,14.12,No,Holiday,Weather,Decreasing,Regular
5810,2024-03-05,78,321,11.33,Yes,None,Economic Indicator,Increasing,Regular
6898,2024-07-09,5,177,22.81,Yes,None,Economic Indicator,Stable,Premium
1395,2024-12-11,9,342,23.41,No,Holiday,Competitor Pricing,Decreasing,Regular
3386,2024-06-29,39,38,5.3,Yes,None,None,Increasing,Budget
1912,2024-07-09,97,147,89.24,Yes,Festival,None,Decreasing,Premium
4630,2024-06-11,96,142,83.42,Yes,None,Weather,Stable,Budget
7059,2024-08-20,5,481,50.91,Yes,Holiday,Economic Indicator,Stable,Budget
4834,2024-05-25,40,333,79.6,Yes,Festival,None,Decreasing,Regular
7099,2024-12-05,19,444,91.55,No,None,None,Decreasing,Budget
1879,2024-08-27,19,135,34.24,No,None,Competitor Pricing,Decreasing,Budget
3015,2024-03-07,90,174,48.86,No,Holiday,Economic Indicator,Stable,Regular
7383,2024-03-24,2,382,6.57,No,None,Economic Indicator,Increasing,Regular
3462,2024-01-24,27,93,72.78,Yes,None,Competitor Pricing,Stable,Budget
8413,2024-11-24,17,165,23.76,No,Holiday,Weather,Decreasing,Premium
2296,2024-04-16,14,87,53.68,Yes,Holiday,Economic Indicator,Decreasing,Regular
6947,2024-12-27,78,480,21.1,No,Festival,Economic Indicator,Increasing,Premium
1835,2024-03-19,78,346,7.77,Yes,Holiday,Economic Indicator,Increasing,Regular
5021,2024-07-12,16,375,44.82,Yes,Festival,Economic Indicator,Increasing,Budget
7323,2024-06-03,67,348,24.62,No,Holiday,None,Decreasing,Premium
4762,2024-07-02,81,47,99.58,No,Holiday,Weather,Decreasing,Budget
1155,2024-10-18,3,12,57.93,Yes,None,Competitor Pricing,Decreasing,Budget
6215,2024-07-02,10,480,68.93,Yes,Festival,None,Increasing,Regular
4711,2024-11-24,27,164,78.3,No,None,Competitor Pricing,Increasing,Regular
1087,2024-07-24,50,360,21.0,Yes,Festival,None,Increasing,Regular
7520,2024-01-22,77,357,87.55,No,Festival,Economic Indicator,Decreasing,Regular
2004,2024-01-24,72,308,56.15,No,Holiday,None,Stable,Budget
9970,2024-12-09,19,370,75.01,Yes,Festival,Weather,Stable,Premium
2964,2024-07-14,82,24,78.71,Yes,Holiday,Economic Indicator,Stable,Premium
2222,2024-03-08,88,421,87.93,Yes,Festival,Competitor Pricing,Stable,Regular
1657,2024-09-15,19,283,7.67,Yes,Holiday,Economic Indicator,Stable,Premium
8799,2024-03-10,81,255,67.83,Yes,Holiday,Weather,Decreasing,Regular
1411,2024-05-08,73,30,31.16,Yes,Festival,Competitor Pricing,Decreasing,Regular
1486,2024-03-29,69,418,6.34,No,Holiday,Economic Indicator,Decreasing,Premium
6139,2024-09-21,13,319,97.02,No,Festival,Weather,Increasing,Budget
3151,2024-08-27,67,149,48.8,Yes,None,Economic Indicator,Decreasing,Budget
9109,2024-10-12,93,101,41.31,No,Festival,Weather,Increasing,Premium
7227,2024-10-26,48,250,43.43,No,Festival,None,Decreasing,Premium
9208,2024-10-09,80,110,21.46,No,None,Weather,Stable,Premium
4667,2024-07-28,43,340,89.71,No,Festival,Weather,Increasing,Regular
7391,2024-02-16,26,273,66.88,No,Festival,Competitor Pricing,Increasing,Budget
3247,2024-11-27,67,254,48.35,No,Festival,Economic Indicator,Increasing,Premium
2899,2024-12-30,16,130,13.95,Yes,Festival,Competitor Pricing,Decreasing,Premium
4236,2024-09-27,67,221,62.32,No,Holiday,None,Decreasing,Regular
5746,2024-03-18,59,48,96.23,No,None,Competitor Pricing,Increasing,Regular
3269,2024-10-23,81,429,16.61,Yes,Festival,Competitor Pricing,Stable,Regular
7082,2024-12-29,36,102,60.72,No,Holiday,Competitor Pricing,Stable,Premium
4534,2024-12-10,64,124,56.8,No,Holiday,Weather,Decreasing,Regular
4714,2024-09-17,31,103,83.53,No,Holiday,Competitor Pricing,Stable,Regular
9538,2024-05-07,52,35,29.11,No,Festival,None,Stable,Regular
1486,2024-08-02,2,400,61.0,No,Festival,None,Stable,Premium
1789,2024-10-23,86,228,91.66,Yes,None,Competitor Pricing,Stable,Budget
2612,2024-02-10,39,150,65.6,No,Holiday,Economic Indicator,Increasing,Regular
3371,2024-07-26,78,108,58.55,No,None,Weather,Increasing,Regular
9739,2024-10-15,46,485,7.31,No,Holiday,Weather,Stable,Regular
8530,2024-10-03,72,368,61.87,No,None,Competitor Pricing,Decreasing,Budget
8606,2024-02-05,10,452,82.4,Yes,Festival,None,Increasing,Regular
4619,2024-03-24,97,287,77.24,No,Holiday,Weather,Increasing,Budget
2527,2024-03-16,25,420,18.3,No,Festival,Competitor Pricing,Stable,Premium
7282,2024-12-14,37,45,52.07,No,None,Weather,Increasing,Regular
1096,2024-03-16,89,401,74.83,Yes,None,Economic Indicator,Increasing,Premium
1954,2024-01-02,27,481,28.69,Yes,Festival,Weather,Stable,Budget
5443,2024-04-25,71,334,46.6,No,Festival,None,Decreasing,Regular
6685,2024-03-15,83,206,30.89,Yes,None,Competitor Pricing,Increasing,Regular
4691,2024-05-02,49,3,83.15,Yes,Holiday,None,Stable,Regular
1879,2024-03-16,81,362,71.64,No,Holiday,Weather,Stable,Budget
9804,2024-12-29,66,124,24.03,No,None,Economic Indicator,Increasing,Premium
6256,2024-11-27,92,194,77.57,Yes,Holiday,Economic Indicator,Stable,Regular
3183,2024-10-11,53,484,41.6,Yes,Festival,Economic Indicator,Stable,Premium
2452,2024-11-11,20,75,94.23,No,Holiday,None,Stable,Budget
8463,2024-01-01,8,394,68.61,No,None,Weather,Decreasing,Regular
5546,2024-12-27,73,293,35.28,Yes,Holiday,Competitor Pricing,Decreasing,Regular
1533,2024-04-04,47,343,44.52,No,Festival,Economic Indicator,Increasing,Budget
6657,2024-08-04,38,268,75.6,No,Festival,Competitor Pricing,Increasing,Regular
1847,2024-12-05,81,45,98.99,Yes,Holiday,Weather,Increasing,Premium
2749,2024-05-21,25,434,73.29,No,Holiday,None,Stable,Regular
7683,2024-06-01,81,53,53.73,No,None,Weather,Stable,Premium
3003,2024-11-23,69,94,43.18,No,None,Weather,Stable,Budget
8921,2024-03-27,24,204,50.87,Yes,Holiday,Economic Indicator,Stable,Budget
9533,2024-05-08,51,299,73.76,Yes,Holiday,None,Increasing,Budget
3945,2024-10-27,63,195,24.94,Yes,Festival,None,Increasing,Budget
2131,2024-10-18,52,252,11.16,No,Festival,None,Stable,Budget
5860,2024-12-08,94,66,44.38,No,Festival,Weather,Decreasing,Premium
1701,2024-10-19,22,335,26.99,No,Festival,None,Decreasing,Regular
2259,2024-07-09,4,75,29.95,No,Festival,Competitor Pricing,Increasing,Premium
6089,2024-04-17,39,220,93.24,No,Holiday,None,Increasing,Premium
9718,2024-06-22,1,111,71.65,No,None,Weather,Decreasing,Budget
1719,2024-07-23,20,10,89.77,Yes,Festival,Competitor Pricing,Increasing,Regular
3187,2024-04-30,82,302,46.37,No,None,Competitor Pricing,Decreasing,Budget
6892,2024-11-02,52,51,9.22,No,None,Economic Indicator,Decreasing,Regular
5794,2024-04-22,97,66,98.56,Yes,Holiday,Weather,Decreasing,Premium
5670,2024-06-11,39,303,40.25,Yes,Holiday,Weather,Stable,Budget
5488,2024-09-04,36,287,22.68,Yes,Festival,Weather,Stable,Budget
8405,2024-08-25,40,257,93.87,No,None,Weather,Increasing,Budget
9467,2024-10-13,31,201,30.73,No,None,Weather,Decreasing,Budget
4633,2024-08-20,47,23,13.28,Yes,Festival,Competitor Pricing,Increasing,Regular
6260,2024-07-19,85,452,99.57,No,Holiday,Weather,Stable,Regular
3101,2024-10-28,4,378,42.08,No,Holiday,Competitor Pricing,Increasing,Regular
9934,2024-10-05,95,484,32.93,No,Holiday,Weather,Increasing,Premium
6168,2024-08-15,16,141,13.64,Yes,Holiday,None,Decreasing,Budget
9104,2024-09-01,8,66,38.12,No,None,None,Increasing,Budget
5934,2024-03-25,16,39,23.34,No,Holiday,Economic Indicator,Increasing,Premium
2773,2024-11-17,31,430,20.76,No,Holiday,Weather,Stable,Regular
7224,2024-10-22,27,487,79.91,No,None,Competitor Pricing,Decreasing,Budget
5052,2024-06-23,55,323,93.79,No,Holiday,Competitor Pricing,Decreasing,Regular
8803,2024-02-02,22,489,51.07,Yes,None,Weather,Stable,Regular
1839,2024-04-22,90,1,9.9,Yes,Festival,None,Decreasing,Premium
4002,2024-02-23,87,126,95.56,Yes,None,Weather,Stable,Premium
9349,2024-12-24,49,426,50.31,No,None,Economic Indicator,Decreasing,Budget
7102,2024-07-23,3,303,47.63,Yes,None,Economic Indicator,Increasing,Premium
2081,2024-02-24,76,287,89.22,Yes,Festival,Competitor Pricing,Decreasing,Premium
2644,2024-08-21,19,198,29.84,No,Festival,Weather,Decreasing,Premium
9303,2024-07-16,29,176,47.22,No,None,Competitor Pricing,Stable,Budget
9104,2024-08-13,2,93,67.18,Yes,None,Weather,Stable,Budget
2179,2024-08-14,2,455,95.0,No,Festival,None,Stable,Regular
5229,2024-09-24,84,228,36.53,No,Festival,Competitor Pricing,Stable,Regular
1745,2024-12-10,62,189,76.85,No,Festival,Economic Indicator,Stable,Budget
4513,2024-05-07,50,407,69.69,No,Festival,Weather,Decreasing,Budget
3560,2024-08-10,90,265,50.6,Yes,Festival,Competitor Pricing,Decreasing,Premium
5380,2024-12-06,85,126,15.07,Yes,None,Weather,Decreasing,Premium
9745,2024-11-09,16,299,6.36,Yes,Festival,Competitor Pricing,Increasing,Budget
8493,2024-04-01,66,192,39.48,Yes,Festival,Economic Indicator,Increasing,Regular
4301,2024-03-05,24,79,42.03,No,Holiday,None,Increasing,Budget
7895,2024-02-12,24,316,21.12,Yes,None,Competitor Pricing,Stable,Budget
8985,2024-11-18,97,19,10.48,No,None,Weather,Stable,Regular
7587,2024-07-12,47,404,53.54,Yes,Holiday,Weather,Decreasing,Premium
6953,2024-12-26,49,435,28.21,Yes,None,None,Stable,Premium
9969,2024-01-06,69,360,38.19,No,Holiday,Competitor Pricing,Decreasing,Regular
3352,2024-02-25,96,368,72.69,Yes,None,None,Decreasing,Budget
7875,2024-03-08,38,485,11.85,Yes,Holiday,Competitor Pricing,Stable,Budget
7812,2024-03-30,39,454,99.94,Yes,Festival,Competitor Pricing,Increasing,Budget
4069,2024-07-11,25,343,39.06,Yes,Festival,Weather,Increasing,Regular
9377,2024-07-06,82,398,57.98,No,Festival,Competitor Pricing,Decreasing,Premium
2504,2024-01-12,95,158,43.75,No,None,None,Stable,Premium
7957,2024-08-21,44,29,5.57,Yes,None,Weather,Decreasing,Budget
8943,2024-08-19,50,178,86.95,Yes,None,Weather,Decreasing,Budget
2641,2024-03-15,88,493,38.06,Yes,Holiday,None,Increasing,Regular
7666,2024-08-25,18,375,32.67,No,None,Competitor Pricing,Increasing,Budget
7309,2024-11-14,42,419,75.08,Yes,Holiday,Weather,Stable,Regular
1898,2024-07-08,63,203,68.35,No,Festival,Economic Indicator,Stable,Premium
1040,2024-02-16,52,163,26.04,No,Festival,None,Decreasing,Premium
9317,2024-06-18,20,69,47.78,No,Holiday,Weather,Decreasing,Budget
7060,2024-05-29,24,203,11.58,Yes,Festival,None,Decreasing,Budget
4115,2024-08-20,77,93,22.79,Yes,Festival,None,Increasing,Budget
3672,2024-07-19,13,123,6.3,No,Holiday,None,Stable,Premium
7223,2024-11-12,68,495,36.6,No,Holiday,Economic Indicator,Decreasing,Regular
5412,2024-09-24,74,37,23.34,Yes,Festival,Competitor Pricing,Increasing,Regular
6820,2024-01-26,68,293,30.18,Yes,None,Economic Indicator,Stable,Budget
2528,2024-02-08,28,150,57.94,Yes,Holiday,Weather,Decreasing,Regular
6291,2024-07-09,21,300,15.27,No,Holiday,None,Increasing,Budget
3851,2024-11-25,26,369,42.27,No,Holiday,Economic Indicator,Stable,Budget
9769,2024-01-29,87,235,87.42,No,Holiday,None,Decreasing,Premium
8284,2024-03-10,98,155,34.43,No,Festival,Competitor Pricing,Stable,Regular
1235,2024-10-20,44,218,58.46,No,Festival,Competitor Pricing,Decreasing,Budget
9780,2024-12-21,79,301,24.99,Yes,Holiday,Economic Indicator,Decreasing,Budget
6431,2024-04-29,39,463,32.45,No,None,None,Increasing,Budget
1215,2024-08-02,52,188,84.82,Yes,Festival,Competitor Pricing,Increasing,Premium
3668,2024-08-12,9,465,36.8,No,Festival,Competitor Pricing,Increasing,Budget
2259,2024-01-26,1,357,21.66,Yes,None,Economic Indicator,Decreasing,Budget
7109,2024-12-04,5,401,93.48,Yes,None,Weather,Stable,Regular
5877,2024-06-05,70,479,55.2,Yes,Festival,Weather,Increasing,Regular
7279,2024-10-04,4,181,33.09,Yes,None,Competitor Pricing,Stable,Budget
7711,2024-09-03,35,499,46.38,Yes,Holiday,None,Stable,Regular
8958,2024-08-30,79,133,97.7,Yes,Festival,Competitor Pricing,Stable,Budget
2973,2024-08-06,2,250,8.96,Yes,Holiday,Competitor Pricing,Decreasing,Budget
9168,2024-05-26,90,385,95.31,No,None,Competitor Pricing,Stable,Premium
2850,2024-01-19,62,461,82.54,No,Holiday,Economic Indicator,Stable,Regular
9558,2024-01-26,24,486,50.19,No,None,Weather,Stable,Budget
4244,2024-03-20,95,491,86.14,No,None,Competitor Pricing,Decreasing,Premium
9509,2024-07-02,76,374,66.98,No,Holiday,Competitor Pricing,Decreasing,Budget
7049,2024-06-24,12,432,25.7,No,None,Competitor Pricing,Increasing,Premium
6203,2024-09-01,46,12,36.96,No,Holiday,Economic Indicator,Increasing,Premium
2240,2024-02-02,48,386,83.13,No,Holiday,None,Decreasing,Premium
6702,2024-11-12,56,367,64.78,No,Holiday,Economic Indicator,Decreasing,Premium
4258,2024-10-24,48,482,99.25,No,None,None,Increasing,Premium
2098,2024-08-02,57,351,39.78,No,Holiday,Competitor Pricing,Decreasing,Budget
5844,2024-09-20,51,272,23.4,No,Festival,Economic Indicator,Stable,Premium
7146,2024-07-15,85,83,71.11,Yes,None,Competitor Pricing,Increasing,Premium
3339,2024-01-17,61,2,53.97,No,Holiday,Economic Indicator,Increasing,Budget
6318,2024-09-06,13,146,81.57,Yes,Holiday,Economic Indicator,Stable,Regular
7384,2024-03-18,78,55,26.43,No,None,Competitor Pricing,Stable,Budget
7548,2024-06-11,2,380,12.38,Yes,Festival,Economic Indicator,Stable,Budget
1647,2024-01-27,48,340,47.77,No,None,None,Increasing,Budget
8731,2024-05-21,2,415,39.25,Yes,Holiday,None,Decreasing,Budget
7993,2024-02-20,65,259,46.85,Yes,Holiday,Competitor Pricing,Stable,Premium
9461,2024-05-31,1,169,94.84,Yes,Festival,Weather,Decreasing,Regular
4216,2024-06-20,86,292,79.94,No,Festival,Economic Indicator,Stable,Premium
5464,2024-11-23,1,382,7.88,Yes,None,Competitor Pricing,Increasing,Regular
1193,2024-11-18,15,371,21.56,No,None,Weather,Stable,Budget
6227,2024-09-17,63,347,85.23,No,Festival,None,Stable,Premium
8029,2024-10-03,31,406,62.79,Yes,Festival,Economic Indicator,Stable,Regular
8676,2024-01-19,29,124,83.05,Yes,None,None,Stable,Premium
2186,2024-12-18,27,169,12.29,Yes,Festival,None,Decreasing,Premium
8237,2024-05-07,67,234,30.29,No,Holiday,Competitor Pricing,Stable,Regular
3505,2024-10-17,69,129,80.68,Yes,None,Economic Indicator,Stable,Regular
7286,2024-08-08,40,272,43.09,No,None,None,Decreasing,Premium
7658,2024-10-11,66,85,18.42,No,None,None,Stable,Premium
5716,2024-02-19,1,195,68.24,No,Holiday,Competitor Pricing,Stable,Regular
3105,2024-04-29,73,368,11.09,Yes,None,Competitor Pricing,Increasing,Premium
7679,2024-12-22,92,328,60.64,No,Holiday,Competitor Pricing,Increasing,Premium
9230,2024-09-18,94,373,18.69,Yes,Festival,Competitor Pricing,Increasing,Regular
9527,2024-10-02,88,161,91.39,No,Festival,Economic Indicator,Stable,Budget
8584,2024-01-18,83,335,61.1,Yes,None,Competitor Pricing,Stable,Regular
6417,2024-09-02,75,354,30.53,No,None,None,Decreasing,Budget
7060,2024-12-20,13,100,72.85,Yes,Holiday,None,Increasing,Premium
3269,2024-08-29,25,291,46.9,No,None,None,Increasing,Regular
7626,2024-06-20,24,210,80.64,Yes,Festival,Competitor Pricing,Increasing,Regular
7529,2024-07-04,68,135,41.82,No,Holiday,Competitor Pricing,Decreasing,Budget
4472,2024-11-15,53,277,80.91,No,Festival,None,Stable,Premium
5724,2024-03-14,90,201,61.56,Yes,Holiday,Competitor Pricing,Increasing,Budget
7232,2024-07-30,13,407,63.67,No,None,Weather,Increasing,Premium
8029,2024-10-03,15,371,91.29,Yes,Festival,Economic Indicator,Increasing,Budget
5749,2024-11-05,60,165,22.2,No,None,Competitor Pricing,Stable,Budget
1848,2024-02-10,84,330,42.55,Yes,Festival,None,Stable,Regular
1631,2024-01-21,15,242,77.56,Yes,None,None,Decreasing,Premium
4633,2024-03-15,96,295,77.53,Yes,Festival,Competitor Pricing,Stable,Budget
4625,2024-03-23,93,119,61.09,Yes,Festival,None,Decreasing,Budget
5959,2024-07-07,86,323,36.96,No,Holiday,Competitor Pricing,Decreasing,Regular
4460,2024-05-06,49,431,77.59,Yes,None,Economic Indicator,Stable,Regular
3781,2024-07-29,35,144,22.21,Yes,None,Weather,Decreasing,Budget
4280,2024-12-06,29,245,14.87,No,Holiday,Weather,Stable,Premium
6071,2024-11-08,47,27,40.32,Yes,None,None,Decreasing,Budget
5545,2024-08-21,25,465,96.24,Yes,Holiday,None,Stable,Premium
1760,2024-02-26,13,77,23.94,No,Holiday,Economic Indicator,Decreasing,Regular
5296,2024-01-03,47,12,92.65,Yes,Holiday,Weather,Stable,Regular
5089,2024-01-20,84,190,89.84,Yes,None,Weather,Increasing,Regular
2524,2024-11-20,9,124,13.09,Yes,Festival,None,Decreasing,Premium
6505,2024-06-07,41,200,23.0,Yes,Holiday,None,Increasing,Premium
8073,2024-06-01,43,167,28.21,Yes,Festival,None,Stable,Premium
5979,2024-11-06,38,371,26.72,Yes,None,Weather,Stable,Regular
6782,2024-04-25,11,279,9.21,No,None,Economic Indicator,Decreasing,Budget
2458,2024-02-08,42,230,85.44,No,Holiday,Weather,Stable,Premium
6772,2024-11-30,79,357,36.37,Yes,None,Competitor Pricing,Stable,Premium
4259,2024-01-05,36,166,31.67,Yes,Festival,Weather,Stable,Budget
7364,2024-05-22,23,212,95.89,Yes,None,Economic Indicator,Stable,Premium
5942,2024-06-05,88,306,78.19,Yes,Holiday,Competitor Pricing,Increasing,Budget
5031,2024-02-16,24,454,27.84,Yes,None,Weather,Stable,Budget
8514,2024-10-07,67,141,77.49,Yes,Festival,None,Increasing,Premium
5159,2024-05-10,22,447,50.44,No,Holiday,Weather,Stable,Regular
2657,2024-10-02,30,252,79.74,Yes,Holiday,None,Stable,Regular
4468,2024-06-02,56,122,14.59,No,Festival,Weather,Stable,Regular
1660,2024-02-02,89,398,38.76,Yes,Holiday,Weather,Increasing,Regular
3049,2024-05-15,94,320,12.36,Yes,None,Economic Indicator,Decreasing,Premium
1762,2024-12-16,63,451,69.72,Yes,None,None,Decreasing,Budget
5209,2024-06-30,35,88,30.3,No,Festival,Economic Indicator,Increasing,Premium
1655,2024-03-30,58,151,53.39,No,Festival,Weather,Increasing,Budget
3104,2024-12-02,86,412,85.05,No,None,None,Stable,Premium
4591,2024-11-07,55,213,34.27,Yes,Holiday,Competitor Pricing,Decreasing,Premium
8245,2024-07-07,89,303,16.04,No,Festival,Weather,Increasing,Regular
3667,2024-10-03,31,375,94.13,Yes,None,Weather,Increasing,Regular
7813,2024-11-08,13,494,97.35,Yes,Festival,Economic Indicator,Increasing,Premium
3029,2024-12-10,31,126,22.49,Yes,Holiday,None,Stable,Regular
4712,2024-09-01,90,385,53.09,No,Festival,Economic Indicator,Stable,Premium
2876,2024-09-12,76,271,97.92,No,None,Economic Indicator,Decreasing,Budget
6979,2024-03-21,31,305,19.27,No,None,Weather,Increasing,Regular
9569,2024-10-23,54,101,29.32,Yes,Holiday,Competitor Pricing,Decreasing,Premium
2432,2024-11-20,67,294,11.22,Yes,Festival,Competitor Pricing,Stable,Regular
4529,2024-04-28,76,131,48.76,No,Festival,None,Decreasing,Premium
5531,2024-12-15,42,79,95.61,Yes,Festival,None,Increasing,Budget
1101,2024-05-06,26,435,94.08,No,None,Weather,Increasing,Budget
3096,2024-04-26,56,477,9.8,Yes,Holiday,Economic Indicator,Increasing,Budget
4801,2024-08-05,9,54,69.92,Yes,Festival,None,Increasing,Regular
8465,2024-08-27,25,55,97.09,No,Festival,Economic Indicator,Increasing,Premium
7536,2024-04-18,90,303,94.1,Yes,Holiday,None,Increasing,Regular
3426,2024-07-22,93,208,95.84,Yes,None,Economic Indicator,Increasing,Regular
6681,2024-04-24,41,213,43.49,No,Holiday,Competitor Pricing,Stable,Premium
4382,2024-01-04,63,412,75.32,No,Festival,None,Decreasing,Budget
5315,2024-01-27,69,2,72.56,Yes,Holiday,Weather,Stable,Regular
2461,2024-10-02,86,273,88.28,No,Festival,Competitor Pricing,Decreasing,Budget
9210,2024-05-15,12,449,43.73,Yes,Holiday,Competitor Pricing,Stable,Premium
6561,2024-09-15,54,232,83.27,Yes,Holiday,Economic Indicator,Stable,Regular
8868,2024-07-24,82,160,47.23,No,None,Competitor Pricing,Increasing,Budget
1713,2024-05-21,86,257,28.49,Yes,None,Competitor Pricing,Decreasing,Regular
1197,2024-12-23,23,120,7.65,No,Festival,Economic Indicator,Stable,Regular
3462,2024-08-20,84,465,11.87,No,None,Weather,Increasing,Budget
8811,2024-02-01,13,317,58.57,Yes,None,Economic Indicator,Decreasing,Budget
9365,2024-08-30,37,144,7.42,No,Festival,Economic Indicator,Stable,Premium
6599,2024-05-28,8,185,97.31,Yes,Holiday,Competitor Pricing,Stable,Budget
8701,2024-07-15,3,370,61.73,Yes,Festival,None,Stable,Premium
4513,2024-12-01,29,197,15.78,No,None,Competitor Pricing,Increasing,Budget
3430,2024-01-09,96,248,72.87,Yes,Holiday,None,Increasing,Premium
7745,2024-03-30,20,187,15.87,No,None,Competitor Pricing,Decreasing,Budget
7485,2024-05-23,24,332,63.9,No,Festival,None,Decreasing,Regular
9136,2024-11-26,79,90,49.79,No,Festival,Competitor Pricing,Decreasing,Regular
3793,2024-09-30,82,375,6.3,No,None,Competitor Pricing,Increasing,Budget
5010,2024-02-04,60,295,24.65,No,None,Economic Indicator,Stable,Budget
3821,2024-02-19,9,108,44.21,No,Festival,Weather,Decreasing,Premium
